<?xml version="1.0" encoding="UTF-8"?>
<project-private xmlns="http://www.netbeans.org/ns/project-private/1">
    <editor-bookmarks xmlns="http://www.netbeans.org/ns/editor-bookmarks/2" lastBookmarkId="0"/>
    <open-files xmlns="http://www.netbeans.org/ns/projectui-open-files/2">
        <group>
            <file>file:/C:/Users/nur%20azwin/Documents/NetBeansProjects/Individual%20Assignment%202%20CSC584/src/java/controller/DeleteProfileServlet.java</file>
            <file>file:/C:/Users/nur%20azwin/Documents/NetBeansProjects/Individual%20Assignment%202%20CSC584/src/java/controller/UpdateProfileServlet.java</file>
            <file>file:/C:/Users/nur%20azwin/Documents/NetBeansProjects/Individual%20Assignment%202%20CSC584/src/java/controller/ProfileServlet.java</file>
            <file>file:/C:/Users/nur%20azwin/Documents/NetBeansProjects/Individual%20Assignment%202%20CSC584/src/java/model/ProfileBean.java</file>
            <file>file:/C:/Users/nur%20azwin/Documents/NetBeansProjects/Individual%20Assignment%202%20CSC584/web/editProfile.jsp</file>
            <file>file:/C:/Users/nur%20azwin/Documents/NetBeansProjects/Individual%20Assignment%202%20CSC584/.git/config</file>
            <file>file:/C:/Users/nur%20azwin/Documents/NetBeansProjects/Individual%20Assignment%202%20CSC584/web/index.html</file>
            <file>file:/C:/Users/nur%20azwin/Documents/NetBeansProjects/Individual%20Assignment%202%20CSC584/web/profile.jsp</file>
            <file>file:/C:/Users/nur%20azwin/Documents/NetBeansProjects/Individual%20Assignment%202%20CSC584/web/viewProfiles.jsp</file>
        </group>
    </open-files>
</project-private>
